state_code,district_number,rep_name,rep_audio_url
AK,0,Nicholas Begich,/n400-audio/State/Alaska/House of rep/At_Large/Nicholas_Begich.mp3
AL,1,Barry Moore,/n400-audio/State/Alabama/House of rep/1st/Barry_Moore.mp3
AL,2,Shomari Figures,/n400-audio/State/Alabama/House of rep/2nd/Shomari_Figures.mp3
AL,3,Mike Rogers,/n400-audio/State/Alabama/House of rep/3rd/Mike_Rogers.mp3
AL,4,Robert Aderholt,/n400-audio/State/Alabama/House of rep/4th/Robert_Aderholt.mp3
AL,5,Dale Strong,/n400-audio/State/Alabama/House of rep/5th/Dale_Strong.mp3
AL,6,Gary Palmer,/n400-audio/State/Alabama/House of rep/6th/Gary_Palmer.mp3
AL,7,Terri Sewell,/n400-audio/State/Alabama/House of rep/7th/Terri_Sewell.mp3
AR,1,Eric Crawford,/n400-audio/State/Arkansas/House of rep/1st/Eric_Crawford.mp3
AR,2,J  Hill,/n400-audio/State/Arkansas/House of rep/2nd/J__Hill.mp3
AR,3,Steve Womack,/n400-audio/State/Arkansas/House of rep/3rd/Steve_Womack.mp3
AR,4,Bruce Westerman,/n400-audio/State/Arkansas/House of rep/4th/Bruce_Westerman.mp3
AS,0,Aumua Amata Radewagen,/n400-audio/State/American%20Samoa/House of rep/Delegate/Aumua_Amata_Radewagen.mp3
AZ,1,David Schweikert,/n400-audio/State/Arizona/House of rep/1st/David_Schweikert.mp3
AZ,2,Elijah Crane,/n400-audio/State/Arizona/House of rep/2nd/Elijah_Crane.mp3
AZ,3,Yassamin Ansari,/n400-audio/State/Arizona/House of rep/3rd/Yassamin_Ansari.mp3
AZ,4,Greg Stanton,/n400-audio/State/Arizona/House of rep/4th/Greg_Stanton.mp3
AZ,5,Andy Biggs,/n400-audio/State/Arizona/House of rep/5th/Andy_Biggs.mp3
AZ,6,Juan Ciscomani,/n400-audio/State/Arizona/House of rep/6th/Juan_Ciscomani.mp3
AZ,7,Adelita Grijalva,/n400-audio/State/Arizona/House of rep/7th/Adelita_Grijalva.mp3
AZ,8,Abraham Hamadeh,/n400-audio/State/Arizona/House of rep/8th/Abraham_Hamadeh.mp3
AZ,9,Paul Gosar,/n400-audio/State/Arizona/House of rep/9th/Paul_Gosar.mp3
CA,1,Doug LaMalfa,/n400-audio/State/California/House of rep/1st/Doug_LaMalfa.mp3
CA,2,Jared Huffman,/n400-audio/State/California/House of rep/2nd/Jared_Huffman.mp3
CA,3,Kevin Kiley,/n400-audio/State/California/House of rep/3rd/Kevin_Kiley.mp3
CA,4,Mike Thompson,/n400-audio/State/California/House of rep/4th/Mike_Thompson.mp3
CA,5,Tom McClintock,/n400-audio/State/California/House of rep/5th/Tom_McClintock.mp3
CA,6,Ami Bera,/n400-audio/State/California/House of rep/6th/Ami_Bera.mp3
CA,7,Doris Matsui,/n400-audio/State/California/House of rep/7th/Doris_Matsui.mp3
CA,8,John Garamendi,/n400-audio/State/California/House of rep/8th/John_Garamendi.mp3
CA,9,Josh Harder,/n400-audio/State/California/House of rep/9th/Josh_Harder.mp3
CA,10,Mark DeSaulnier,/n400-audio/State/California/House of rep/10th/Mark_DeSaulnier.mp3
CA,11,Nancy Pelosi,/n400-audio/State/California/House of rep/11th/Nancy_Pelosi.mp3
CA,12,Lateefah Simon,/n400-audio/State/California/House of rep/12th/Lateefah_Simon.mp3
CA,13,Adam Gray,/n400-audio/State/California/House of rep/13th/Adam_Gray.mp3
CA,14,Eric Swalwell,/n400-audio/State/California/House of rep/14th/Eric_Swalwell.mp3
CA,15,Kevin Mullin,/n400-audio/State/California/House of rep/15th/Kevin_Mullin.mp3
CA,16,Sam Liccardo,/n400-audio/State/California/House of rep/16th/Sam_Liccardo.mp3
CA,17,Ro Khanna,/n400-audio/State/California/House of rep/17th/Ro_Khanna.mp3
CA,18,Zoe Lofgren,/n400-audio/State/California/House of rep/18th/Zoe_Lofgren.mp3
CA,19,Jimmy Panetta,/n400-audio/State/California/House of rep/19th/Jimmy_Panetta.mp3
CA,20,Vince Fong,/n400-audio/State/California/House of rep/20th/Vince_Fong.mp3
CA,21,Jim Costa,/n400-audio/State/California/House of rep/21st/Jim_Costa.mp3
CA,22,David Valadao,/n400-audio/State/California/House of rep/22nd/David_Valadao.mp3
CA,23,Jay Obernolte,/n400-audio/State/California/House of rep/23rd/Jay_Obernolte.mp3
CA,24,Salud Carbajal,/n400-audio/State/California/House of rep/24th/Salud_Carbajal.mp3
CA,25,Raul Ruiz,/n400-audio/State/California/House of rep/25th/Raul_Ruiz.mp3
CA,26,Julia Brownley,/n400-audio/State/California/House of rep/26th/Julia_Brownley.mp3
CA,27,George Whitesides,/n400-audio/State/California/House of rep/27th/George_Whitesides.mp3
CA,28,Judy Chu,/n400-audio/State/California/House of rep/28th/Judy_Chu.mp3
CA,29,Luz Rivas,/n400-audio/State/California/House of rep/29th/Luz_Rivas.mp3
CA,30,Laura Friedman,/n400-audio/State/California/House of rep/30th/Laura_Friedman.mp3
CA,31,Gilbert Cisneros,/n400-audio/State/California/House of rep/31st/Gilbert_Cisneros.mp3
CA,32,Brad Sherman,/n400-audio/State/California/House of rep/32nd/Brad_Sherman.mp3
CA,33,Pete Aguilar,/n400-audio/State/California/House of rep/33rd/Pete_Aguilar.mp3
CA,34,Jimmy Gomez,/n400-audio/State/California/House of rep/34th/Jimmy_Gomez.mp3
CA,35,Norma Torres,/n400-audio/State/California/House of rep/35th/Norma_Torres.mp3
CA,36,Ted Lieu,/n400-audio/State/California/House of rep/36th/Ted_Lieu.mp3
CA,37,Sydney Kamlager-Dove,/n400-audio/State/California/House of rep/37th/Sydney_Kamlager-Dove.mp3
CA,38,Linda Sanchez,/n400-audio/State/California/House of rep/38th/Linda_Sanchez.mp3
CA,39,Mark Takano,/n400-audio/State/California/House of rep/39th/Mark_Takano.mp3
CA,40,Young Kim,/n400-audio/State/California/House of rep/40th/Young_Kim.mp3
CA,41,Ken Calvert,/n400-audio/State/California/House of rep/41st/Ken_Calvert.mp3
CA,42,Robert Garcia,/n400-audio/State/California/House of rep/42nd/Robert_Garcia.mp3
CA,43,Maxine Waters,/n400-audio/State/California/House of rep/43rd/Maxine_Waters.mp3
CA,44,Nanette Barragan,/n400-audio/State/California/House of rep/44th/Nanette_Barragan.mp3
CA,45,Derek Tran,/n400-audio/State/California/House of rep/45th/Derek_Tran.mp3
CA,46,J  Correa,/n400-audio/State/California/House of rep/46th/J__Correa.mp3
CA,47,Dave Min,/n400-audio/State/California/House of rep/47th/Dave_Min.mp3
CA,48,Darrell Issa,/n400-audio/State/California/House of rep/48th/Darrell_Issa.mp3
CA,49,Mike Levin,/n400-audio/State/California/House of rep/49th/Mike_Levin.mp3
CA,50,Scott Peters,/n400-audio/State/California/House of rep/50th/Scott_Peters.mp3
CA,51,Sara Jacobs,/n400-audio/State/California/House of rep/51st/Sara_Jacobs.mp3
CA,52,Juan Vargas,/n400-audio/State/California/House of rep/52nd/Juan_Vargas.mp3
CO,1,Diana DeGette,/n400-audio/State/Colorado/House of rep/1st/Diana_DeGette.mp3
CO,2,Joe Neguse,/n400-audio/State/Colorado/House of rep/2nd/Joe_Neguse.mp3
CO,3,Jeff Hurd,/n400-audio/State/Colorado/House of rep/3rd/Jeff_Hurd.mp3
CO,4,Lauren Boebert,/n400-audio/State/Colorado/House of rep/4th/Lauren_Boebert.mp3
CO,5,Jeff Crank,/n400-audio/State/Colorado/House of rep/5th/Jeff_Crank.mp3
CO,6,Jason Crow,/n400-audio/State/Colorado/House of rep/6th/Jason_Crow.mp3
CO,7,Brittany Pettersen,/n400-audio/State/Colorado/House of rep/7th/Brittany_Pettersen.mp3
CO,8,Gabe Evans,/n400-audio/State/Colorado/House of rep/8th/Gabe_Evans.mp3
CT,1,John Larson,/n400-audio/State/Connecticut/House of rep/1st/John_Larson.mp3
CT,2,Joe Courtney,/n400-audio/State/Connecticut/House of rep/2nd/Joe_Courtney.mp3
CT,3,Rosa DeLauro,/n400-audio/State/Connecticut/House of rep/3rd/Rosa_DeLauro.mp3
CT,4,James Himes,/n400-audio/State/Connecticut/House of rep/4th/James_Himes.mp3
CT,5,Jahana Hayes,/n400-audio/State/Connecticut/House of rep/5th/Jahana_Hayes.mp3
DC,0,Eleanor Norton,/n400-audio/State/District%20of%20Columbia/House of rep/Delegate/Eleanor_Norton.mp3
DE,0,Sarah McBride,/n400-audio/State/Delaware/House of rep/At_Large/Sarah_McBride.mp3
FL,1,Jimmy Patronis,/n400-audio/State/Florida/House of rep/1st/Jimmy_Patronis.mp3
FL,2,Neal Dunn,/n400-audio/State/Florida/House of rep/2nd/Neal_Dunn.mp3
FL,3,Kat Cammack,/n400-audio/State/Florida/House of rep/3rd/Kat_Cammack.mp3
FL,4,Aaron Bean,/n400-audio/State/Florida/House of rep/4th/Aaron_Bean.mp3
FL,5,John Rutherford,/n400-audio/State/Florida/House of rep/5th/John_Rutherford.mp3
FL,6,Randy Fine,/n400-audio/State/Florida/House of rep/6th/Randy_Fine.mp3
FL,7,Cory Mills,/n400-audio/State/Florida/House of rep/7th/Cory_Mills.mp3
FL,8,Mike Haridopolos,/n400-audio/State/Florida/House of rep/8th/Mike_Haridopolos.mp3
FL,9,Darren Soto,/n400-audio/State/Florida/House of rep/9th/Darren_Soto.mp3
FL,10,Maxwell Frost,/n400-audio/State/Florida/House of rep/10th/Maxwell_Frost.mp3
FL,11,Daniel Webster,/n400-audio/State/Florida/House of rep/11th/Daniel_Webster.mp3
FL,12,Gus Bilirakis,/n400-audio/State/Florida/House of rep/12th/Gus_Bilirakis.mp3
FL,13,Anna Paulina Luna,/n400-audio/State/Florida/House of rep/13th/Anna_Paulina_Luna.mp3
FL,14,Kathy Castor,/n400-audio/State/Florida/House of rep/14th/Kathy_Castor.mp3
FL,15,Laurel Lee,/n400-audio/State/Florida/House of rep/15th/Laurel_Lee.mp3
FL,16,Vern Buchanan,/n400-audio/State/Florida/House of rep/16th/Vern_Buchanan.mp3
FL,17,W  Steube,/n400-audio/State/Florida/House of rep/17th/W__Steube.mp3
FL,18,Scott Franklin,/n400-audio/State/Florida/House of rep/18th/Scott_Franklin.mp3
FL,19,Byron Donalds,/n400-audio/State/Florida/House of rep/19th/Byron_Donalds.mp3
FL,20,Sheila Cherfilus-McCormick,/n400-audio/State/Florida/House of rep/20th/Sheila_Cherfilus-McCormick.mp3
FL,21,Brian Mast,/n400-audio/State/Florida/House of rep/21st/Brian_Mast.mp3
FL,22,Lois Frankel,/n400-audio/State/Florida/House of rep/22nd/Lois_Frankel.mp3
FL,23,Jared Moskowitz,/n400-audio/State/Florida/House of rep/23rd/Jared_Moskowitz.mp3
FL,24,Frederica Wilson,/n400-audio/State/Florida/House of rep/24th/Frederica_Wilson.mp3
FL,25,Debbie Wasserman Schultz,/n400-audio/State/Florida/House of rep/25th/Debbie_Wasserman_Schultz.mp3
FL,26,Mario Diaz-Balart,/n400-audio/State/Florida/House of rep/26th/Mario_Diaz-Balart.mp3
FL,27,Maria Salazar,/n400-audio/State/Florida/House of rep/27th/Maria_Salazar.mp3
FL,28,Carlos Gimenez,/n400-audio/State/Florida/House of rep/28th/Carlos_Gimenez.mp3
GA,1,Earl Carter,/n400-audio/State/Georgia/House of rep/1st/Earl_Carter.mp3
GA,2,Sanford Bishop,/n400-audio/State/Georgia/House of rep/2nd/Sanford_Bishop.mp3
GA,3,Brian Jack,/n400-audio/State/Georgia/House of rep/3rd/Brian_Jack.mp3
GA,4,Henry Johnson,/n400-audio/State/Georgia/House of rep/4th/Henry_Johnson.mp3
GA,5,Nikema Williams,/n400-audio/State/Georgia/House of rep/5th/Nikema_Williams.mp3
GA,6,Lucy McBath,/n400-audio/State/Georgia/House of rep/6th/Lucy_McBath.mp3
GA,7,Richard McCormick,/n400-audio/State/Georgia/House of rep/7th/Richard_McCormick.mp3
GA,8,Austin Scott,/n400-audio/State/Georgia/House of rep/8th/Austin_Scott.mp3
GA,9,Andrew Clyde,/n400-audio/State/Georgia/House of rep/9th/Andrew_Clyde.mp3
GA,10,Mike Collins,/n400-audio/State/Georgia/House of rep/10th/Mike_Collins.mp3
GA,11,Barry Loudermilk,/n400-audio/State/Georgia/House of rep/11th/Barry_Loudermilk.mp3
GA,12,Rick Allen,/n400-audio/State/Georgia/House of rep/12th/Rick_Allen.mp3
GA,13,David Scott,/n400-audio/State/Georgia/House of rep/13th/David_Scott.mp3
GA,14,Clay Fuller,/n400-audio/State/Georgia/House of rep/14th/Clay_Fuller.mp3
GU,0,James Moylan,/n400-audio/State/Guam/House of rep/Delegate/James_Moylan.mp3
HI,1,Ed Case,/n400-audio/State/Hawaii/House of rep/1st/Ed_Case.mp3
HI,2,Jill Tokuda,/n400-audio/State/Hawaii/House of rep/2nd/Jill_Tokuda.mp3
IA,1,Mariannette Miller-Meeks,/n400-audio/State/Iowa/House of rep/1st/Mariannette_Miller-Meeks.mp3
IA,2,Ashley Hinson,/n400-audio/State/Iowa/House of rep/2nd/Ashley_Hinson.mp3
IA,3,Zachary Nunn,/n400-audio/State/Iowa/House of rep/3rd/Zachary_Nunn.mp3
IA,4,Randy Feenstra,/n400-audio/State/Iowa/House of rep/4th/Randy_Feenstra.mp3
ID,1,Russ Fulcher,/n400-audio/State/Idaho/House of rep/1st/Russ_Fulcher.mp3
ID,2,Michael Simpson,/n400-audio/State/Idaho/House of rep/2nd/Michael_Simpson.mp3
IL,1,Jonathan Jackson,/n400-audio/State/Illinois/House of rep/1st/Jonathan_Jackson.mp3
IL,2,Robin Kelly,/n400-audio/State/Illinois/House of rep/2nd/Robin_Kelly.mp3
IL,3,Delia Ramirez,/n400-audio/State/Illinois/House of rep/3rd/Delia_Ramirez.mp3
IL,4,Jesus Garcia,/n400-audio/State/Illinois/House of rep/4th/Jesus_Garcia.mp3
IL,5,Mike Quigley,/n400-audio/State/Illinois/House of rep/5th/Mike_Quigley.mp3
IL,6,Sean Casten,/n400-audio/State/Illinois/House of rep/6th/Sean_Casten.mp3
IL,7,Danny Davis,/n400-audio/State/Illinois/House of rep/7th/Danny_Davis.mp3
IL,8,Raja Krishnamoorthi,/n400-audio/State/Illinois/House of rep/8th/Raja_Krishnamoorthi.mp3
IL,9,Janice Schakowsky,/n400-audio/State/Illinois/House of rep/9th/Janice_Schakowsky.mp3
IL,10,Bradley Schneider,/n400-audio/State/Illinois/House of rep/10th/Bradley_Schneider.mp3
IL,11,Bill Foster,/n400-audio/State/Illinois/House of rep/11th/Bill_Foster.mp3
IL,12,Mike Bost,/n400-audio/State/Illinois/House of rep/12th/Mike_Bost.mp3
IL,13,Nikki Budzinski,/n400-audio/State/Illinois/House of rep/13th/Nikki_Budzinski.mp3
IL,14,Lauren Underwood,/n400-audio/State/Illinois/House of rep/14th/Lauren_Underwood.mp3
IL,15,Mary Miller,/n400-audio/State/Illinois/House of rep/15th/Mary_Miller.mp3
IL,16,Darin LaHood,/n400-audio/State/Illinois/House of rep/16th/Darin_LaHood.mp3
IL,17,Eric Sorensen,/n400-audio/State/Illinois/House of rep/17th/Eric_Sorensen.mp3
IN,1,Frank Mrvan,/n400-audio/State/Indiana/House of rep/1st/Frank_Mrvan.mp3
IN,2,Rudy Yakym,/n400-audio/State/Indiana/House of rep/2nd/Rudy_Yakym.mp3
IN,3,Marlin Stutzman,/n400-audio/State/Indiana/House of rep/3rd/Marlin_Stutzman.mp3
IN,4,James Baird,/n400-audio/State/Indiana/House of rep/4th/James_Baird.mp3
IN,5,Victoria Spartz,/n400-audio/State/Indiana/House of rep/5th/Victoria_Spartz.mp3
IN,6,Jefferson Shreve,/n400-audio/State/Indiana/House of rep/6th/Jefferson_Shreve.mp3
IN,7,Andre Carson,/n400-audio/State/Indiana/House of rep/7th/Andre_Carson.mp3
IN,8,Mark Messmer,/n400-audio/State/Indiana/House of rep/8th/Mark_Messmer.mp3
IN,9,Erin Houchin,/n400-audio/State/Indiana/House of rep/9th/Erin_Houchin.mp3
KS,1,Tracey Mann,/n400-audio/State/Kansas/House of rep/1st/Tracey_Mann.mp3
KS,2,Derek Schmidt,/n400-audio/State/Kansas/House of rep/2nd/Derek_Schmidt.mp3
KS,3,Sharice Davids,/n400-audio/State/Kansas/House of rep/3rd/Sharice_Davids.mp3
KS,4,Ron Estes,/n400-audio/State/Kansas/House of rep/4th/Ron_Estes.mp3
KY,1,James Comer,/n400-audio/State/Kentucky/House of rep/1st/James_Comer.mp3
KY,2,Brett Guthrie,/n400-audio/State/Kentucky/House of rep/2nd/Brett_Guthrie.mp3
KY,3,Morgan McGarvey,/n400-audio/State/Kentucky/House of rep/3rd/Morgan_McGarvey.mp3
KY,4,Thomas Massie,/n400-audio/State/Kentucky/House of rep/4th/Thomas_Massie.mp3
KY,5,Harold Rogers,/n400-audio/State/Kentucky/House of rep/5th/Harold_Rogers.mp3
KY,6,Andy Barr,/n400-audio/State/Kentucky/House of rep/6th/Andy_Barr.mp3
LA,1,Steve Scalise,/n400-audio/State/Louisiana/House of rep/1st/Steve_Scalise.mp3
LA,2,Troy Carter,/n400-audio/State/Louisiana/House of rep/2nd/Troy_Carter.mp3
LA,3,Clay Higgins,/n400-audio/State/Louisiana/House of rep/3rd/Clay_Higgins.mp3
LA,4,Mike Johnson,/n400-audio/State/Louisiana/House of rep/4th/Mike_Johnson.mp3
LA,5,Julia Letlow,/n400-audio/State/Louisiana/House of rep/5th/Julia_Letlow.mp3
LA,6,Cleo Fields,/n400-audio/State/Louisiana/House of rep/6th/Cleo_Fields.mp3
MA,1,Richard Neal,/n400-audio/State/Massachusetts/House of rep/1st/Richard_Neal.mp3
MA,2,James McGovern,/n400-audio/State/Massachusetts/House of rep/2nd/James_McGovern.mp3
MA,3,Lori Trahan,/n400-audio/State/Massachusetts/House of rep/3rd/Lori_Trahan.mp3
MA,4,Jake Auchincloss,/n400-audio/State/Massachusetts/House of rep/4th/Jake_Auchincloss.mp3
MA,5,Katherine Clark,/n400-audio/State/Massachusetts/House of rep/5th/Katherine_Clark.mp3
MA,6,Seth Moulton,/n400-audio/State/Massachusetts/House of rep/6th/Seth_Moulton.mp3
MA,7,Ayanna Pressley,/n400-audio/State/Massachusetts/House of rep/7th/Ayanna_Pressley.mp3
MA,8,Stephen Lynch,/n400-audio/State/Massachusetts/House of rep/8th/Stephen_Lynch.mp3
MA,9,William Keating,/n400-audio/State/Massachusetts/House of rep/9th/William_Keating.mp3
MD,1,Andy Harris,/n400-audio/State/Maryland/House of rep/1st/Andy_Harris.mp3
MD,2,Johnny Olszewski,/n400-audio/State/Maryland/House of rep/2nd/Johnny_Olszewski.mp3
MD,3,Sarah Elfreth,/n400-audio/State/Maryland/House of rep/3rd/Sarah_Elfreth.mp3
MD,4,Glenn Ivey,/n400-audio/State/Maryland/House of rep/4th/Glenn_Ivey.mp3
MD,5,Steny Hoyer,/n400-audio/State/Maryland/House of rep/5th/Steny_Hoyer.mp3
MD,6,April McClain Delaney,/n400-audio/State/Maryland/House of rep/6th/April_McClain_Delaney.mp3
MD,7,Kweisi Mfume,/n400-audio/State/Maryland/House of rep/7th/Kweisi_Mfume.mp3
MD,8,Jamie Raskin,/n400-audio/State/Maryland/House of rep/8th/Jamie_Raskin.mp3
ME,1,Chellie Pingree,/n400-audio/State/Maine/House of rep/1st/Chellie_Pingree.mp3
ME,2,Jared Golden,/n400-audio/State/Maine/House of rep/2nd/Jared_Golden.mp3
MI,1,Jack Bergman,/n400-audio/State/Michigan/House of rep/1st/Jack_Bergman.mp3
MI,2,John Moolenaar,/n400-audio/State/Michigan/House of rep/2nd/John_Moolenaar.mp3
MI,3,Hillary Scholten,/n400-audio/State/Michigan/House of rep/3rd/Hillary_Scholten.mp3
MI,4,Bill Huizenga,/n400-audio/State/Michigan/House of rep/4th/Bill_Huizenga.mp3
MI,5,Tim Walberg,/n400-audio/State/Michigan/House of rep/5th/Tim_Walberg.mp3
MI,6,Debbie Dingell,/n400-audio/State/Michigan/House of rep/6th/Debbie_Dingell.mp3
MI,7,Tom Barrett,/n400-audio/State/Michigan/House of rep/7th/Tom_Barrett.mp3
MI,8,Kristen McDonald Rivet,/n400-audio/State/Michigan/House of rep/8th/Kristen_McDonald_Rivet.mp3
MI,9,Lisa McClain,/n400-audio/State/Michigan/House of rep/9th/Lisa_McClain.mp3
MI,10,John James,/n400-audio/State/Michigan/House of rep/10th/John_James.mp3
MI,11,Haley Stevens,/n400-audio/State/Michigan/House of rep/11th/Haley_Stevens.mp3
MI,12,Rashida Tlaib,/n400-audio/State/Michigan/House of rep/12th/Rashida_Tlaib.mp3
MI,13,Shri Thanedar,/n400-audio/State/Michigan/House of rep/13th/Shri_Thanedar.mp3
MN,1,Brad Finstad,/n400-audio/State/Minnesota/House of rep/1st/Brad_Finstad.mp3
MN,2,Angie Craig,/n400-audio/State/Minnesota/House of rep/2nd/Angie_Craig.mp3
MN,3,Kelly Morrison,/n400-audio/State/Minnesota/House of rep/3rd/Kelly_Morrison.mp3
MN,4,Betty McCollum,/n400-audio/State/Minnesota/House of rep/4th/Betty_McCollum.mp3
MN,5,Ilhan Omar,/n400-audio/State/Minnesota/House of rep/5th/Ilhan_Omar.mp3
MN,6,Tom Emmer,/n400-audio/State/Minnesota/House of rep/6th/Tom_Emmer.mp3
MN,7,Michelle Fischbach,/n400-audio/State/Minnesota/House of rep/7th/Michelle_Fischbach.mp3
MN,8,Pete Stauber,/n400-audio/State/Minnesota/House of rep/8th/Pete_Stauber.mp3
MO,1,Wesley Bell,/n400-audio/State/Missouri/House of rep/1st/Wesley_Bell.mp3
MO,2,Ann Wagner,/n400-audio/State/Missouri/House of rep/2nd/Ann_Wagner.mp3
MO,3,Robert Onder,/n400-audio/State/Missouri/House of rep/3rd/Robert_Onder.mp3
MO,4,Mark Alford,/n400-audio/State/Missouri/House of rep/4th/Mark_Alford.mp3
MO,5,Emanuel Cleaver,/n400-audio/State/Missouri/House of rep/5th/Emanuel_Cleaver.mp3
MO,6,Sam Graves,/n400-audio/State/Missouri/House of rep/6th/Sam_Graves.mp3
MO,7,Eric Burlison,/n400-audio/State/Missouri/House of rep/7th/Eric_Burlison.mp3
MO,8,Jason Smith,/n400-audio/State/Missouri/House of rep/8th/Jason_Smith.mp3
MP,0,Kimberlyn King-Hinds,/n400-audio/State/Northern%20Mariana%20Islands/House of rep/Delegate/Kimberlyn_King-Hinds.mp3
MS,1,Trent Kelly,/n400-audio/State/Mississippi/House of rep/1st/Trent_Kelly.mp3
MS,2,Bennie Thompson,/n400-audio/State/Mississippi/House of rep/2nd/Bennie_Thompson.mp3
MS,3,Michael Guest,/n400-audio/State/Mississippi/House of rep/3rd/Michael_Guest.mp3
MS,4,Mike Ezell,/n400-audio/State/Mississippi/House of rep/4th/Mike_Ezell.mp3
MT,1,Ryan Zinke,/n400-audio/State/Montana/House of rep/1st/Ryan_Zinke.mp3
MT,2,Troy Downing,/n400-audio/State/Montana/House of rep/2nd/Troy_Downing.mp3
NC,1,Donald Davis,/n400-audio/State/North%20Carolina/House of rep/1st/Donald_Davis.mp3
NC,2,Deborah Ross,/n400-audio/State/North%20Carolina/House of rep/2nd/Deborah_Ross.mp3
NC,3,Gregory Murphy,/n400-audio/State/North%20Carolina/House of rep/3rd/Gregory_Murphy.mp3
NC,4,Valerie Foushee,/n400-audio/State/North%20Carolina/House of rep/4th/Valerie_Foushee.mp3
NC,5,Virginia Foxx,/n400-audio/State/North%20Carolina/House of rep/5th/Virginia_Foxx.mp3
NC,6,Addison McDowell,/n400-audio/State/North%20Carolina/House of rep/6th/Addison_McDowell.mp3
NC,7,David Rouzer,/n400-audio/State/North%20Carolina/House of rep/7th/David_Rouzer.mp3
NC,8,Mark Harris,/n400-audio/State/North%20Carolina/House of rep/8th/Mark_Harris.mp3
NC,9,Richard Hudson,/n400-audio/State/North%20Carolina/House of rep/9th/Richard_Hudson.mp3
NC,10,Pat Harrigan,/n400-audio/State/North%20Carolina/House of rep/10th/Pat_Harrigan.mp3
NC,11,Chuck Edwards,/n400-audio/State/North%20Carolina/House of rep/11th/Chuck_Edwards.mp3
NC,12,Alma Adams,/n400-audio/State/North%20Carolina/House of rep/12th/Alma_Adams.mp3
NC,13,Brad Knott,/n400-audio/State/North%20Carolina/House of rep/13th/Brad_Knott.mp3
NC,14,Tim Moore,/n400-audio/State/North%20Carolina/House of rep/14th/Tim_Moore.mp3
ND,0,Julie Fedorchak,/n400-audio/State/North%20Dakota/House of rep/At_Large/Julie_Fedorchak.mp3
NE,1,Mike Flood,/n400-audio/State/Nebraska/House of rep/1st/Mike_Flood.mp3
NE,2,Don Bacon,/n400-audio/State/Nebraska/House of rep/2nd/Don_Bacon.mp3
NE,3,Adrian Smith,/n400-audio/State/Nebraska/House of rep/3rd/Adrian_Smith.mp3
NH,1,Chris Pappas,/n400-audio/State/New%20Hampshire/House of rep/1st/Chris_Pappas.mp3
NH,2,Maggie Goodlander,/n400-audio/State/New%20Hampshire/House of rep/2nd/Maggie_Goodlander.mp3
NJ,1,Donald Norcross,/n400-audio/State/New%20Jersey/House of rep/1st/Donald_Norcross.mp3
NJ,2,Jefferson Van Drew,/n400-audio/State/New%20Jersey/House of rep/2nd/Jefferson_Van_Drew.mp3
NJ,3,Herbert Conaway,/n400-audio/State/New%20Jersey/House of rep/3rd/Herbert_Conaway.mp3
NJ,4,Christopher Smith,/n400-audio/State/New%20Jersey/House of rep/4th/Christopher_Smith.mp3
NJ,5,Josh Gottheimer,/n400-audio/State/New%20Jersey/House of rep/5th/Josh_Gottheimer.mp3
NJ,6,Frank Pallone,/n400-audio/State/New%20Jersey/House of rep/6th/Frank_Pallone.mp3
NJ,7,Thomas Kean,/n400-audio/State/New%20Jersey/House of rep/7th/Thomas_Kean.mp3
NJ,8,Robert Menendez,/n400-audio/State/New%20Jersey/House of rep/8th/Robert_Menendez.mp3
NJ,9,Nellie Pou,/n400-audio/State/New%20Jersey/House of rep/9th/Nellie_Pou.mp3
NJ,10,LaMonica McIver,/n400-audio/State/New%20Jersey/House of rep/10th/LaMonica_McIver.mp3
NJ,11,Analilia Mejia,/n400-audio/State/New%20Jersey/House of rep/11th/Analilia_Mejia.mp3
NJ,12,Bonnie Watson Coleman,/n400-audio/State/New%20Jersey/House of rep/12th/Bonnie_Watson_Coleman.mp3
NM,1,Melanie Stansbury,/n400-audio/State/New%20Mexico/House of rep/1st/Melanie_Stansbury.mp3
NM,2,Gabe Vasquez,/n400-audio/State/New%20Mexico/House of rep/2nd/Gabe_Vasquez.mp3
NM,3,Teresa Leger Fernandez,/n400-audio/State/New%20Mexico/House of rep/3rd/Teresa_Leger_Fernandez.mp3
NV,1,Dina Titus,/n400-audio/State/Nevada/House of rep/1st/Dina_Titus.mp3
NV,2,Mark Amodei,/n400-audio/State/Nevada/House of rep/2nd/Mark_Amodei.mp3
NV,3,Susie Lee,/n400-audio/State/Nevada/House of rep/3rd/Susie_Lee.mp3
NV,4,Steven Horsford,/n400-audio/State/Nevada/House of rep/4th/Steven_Horsford.mp3
NY,1,Nick LaLota,/n400-audio/State/New%20York/House of rep/1st/Nick_LaLota.mp3
NY,2,Andrew Garbarino,/n400-audio/State/New%20York/House of rep/2nd/Andrew_Garbarino.mp3
NY,3,Thomas R  Suozzi,/n400-audio/State/New%20York/House of rep/3rd/Thomas_R__Suozzi.mp3
NY,4,Laura Gillen,/n400-audio/State/New%20York/House of rep/4th/Laura_Gillen.mp3
NY,5,Gregory Meeks,/n400-audio/State/New%20York/House of rep/5th/Gregory_Meeks.mp3
NY,6,Grace Meng,/n400-audio/State/New%20York/House of rep/6th/Grace_Meng.mp3
NY,7,Nydia Velazquez,/n400-audio/State/New%20York/House of rep/7th/Nydia_Velazquez.mp3
NY,8,Hakeem Jeffries,/n400-audio/State/New%20York/House of rep/8th/Hakeem_Jeffries.mp3
NY,9,Yvette Clarke,/n400-audio/State/New%20York/House of rep/9th/Yvette_Clarke.mp3
NY,10,Daniel Goldman,/n400-audio/State/New%20York/House of rep/10th/Daniel_Goldman.mp3
NY,11,Nicole Malliotakis,/n400-audio/State/New%20York/House of rep/11th/Nicole_Malliotakis.mp3
NY,12,Jerrold Nadler,/n400-audio/State/New%20York/House of rep/12th/Jerrold_Nadler.mp3
NY,13,Adriano Espaillat,/n400-audio/State/New%20York/House of rep/13th/Adriano_Espaillat.mp3
NY,14,Alexandria Ocasio-Cortez,/n400-audio/State/New%20York/House of rep/14th/Alexandria_Ocasio-Cortez.mp3
NY,15,Ritchie Torres,/n400-audio/State/New%20York/House of rep/15th/Ritchie_Torres.mp3
NY,16,George Latimer,/n400-audio/State/New%20York/House of rep/16th/George_Latimer.mp3
NY,17,Michael Lawler,/n400-audio/State/New%20York/House of rep/17th/Michael_Lawler.mp3
NY,18,Patrick Ryan,/n400-audio/State/New%20York/House of rep/18th/Patrick_Ryan.mp3
NY,19,Josh Riley,/n400-audio/State/New%20York/House of rep/19th/Josh_Riley.mp3
NY,20,Paul Tonko,/n400-audio/State/New%20York/House of rep/20th/Paul_Tonko.mp3
NY,21,Elise Stefanik,/n400-audio/State/New%20York/House of rep/21st/Elise_Stefanik.mp3
NY,22,John Mannion,/n400-audio/State/New%20York/House of rep/22nd/John_Mannion.mp3
NY,23,Nicholas Langworthy,/n400-audio/State/New%20York/House of rep/23rd/Nicholas_Langworthy.mp3
NY,24,Claudia Tenney,/n400-audio/State/New%20York/House of rep/24th/Claudia_Tenney.mp3
NY,25,Joseph Morelle,/n400-audio/State/New%20York/House of rep/25th/Joseph_Morelle.mp3
NY,26,Timothy Kennedy,/n400-audio/State/New%20York/House of rep/26th/Timothy_Kennedy.mp3
OH,1,Greg Landsman,/n400-audio/State/Ohio/House of rep/1st/Greg_Landsman.mp3
OH,2,David Taylor,/n400-audio/State/Ohio/House of rep/2nd/David_Taylor.mp3
OH,3,Joyce Beatty,/n400-audio/State/Ohio/House of rep/3rd/Joyce_Beatty.mp3
OH,4,Jim Jordan,/n400-audio/State/Ohio/House of rep/4th/Jim_Jordan.mp3
OH,5,Robert Latta,/n400-audio/State/Ohio/House of rep/5th/Robert_Latta.mp3
OH,6,Michael A  Rulli,/n400-audio/State/Ohio/House of rep/6th/Michael_A__Rulli.mp3
OH,7,Max Miller,/n400-audio/State/Ohio/House of rep/7th/Max_Miller.mp3
OH,8,Warren Davidson,/n400-audio/State/Ohio/House of rep/8th/Warren_Davidson.mp3
OH,9,Marcy Kaptur,/n400-audio/State/Ohio/House of rep/9th/Marcy_Kaptur.mp3
OH,10,Michael Turner,/n400-audio/State/Ohio/House of rep/10th/Michael_Turner.mp3
OH,11,Shontel Brown,/n400-audio/State/Ohio/House of rep/11th/Shontel_Brown.mp3
OH,12,Troy Balderson,/n400-audio/State/Ohio/House of rep/12th/Troy_Balderson.mp3
OH,13,Emilia Sykes,/n400-audio/State/Ohio/House of rep/13th/Emilia_Sykes.mp3
OH,14,David Joyce,/n400-audio/State/Ohio/House of rep/14th/David_Joyce.mp3
OH,15,Mike Carey,/n400-audio/State/Ohio/House of rep/15th/Mike_Carey.mp3
OK,1,Kevin Hern,/n400-audio/State/Oklahoma/House of rep/1st/Kevin_Hern.mp3
OK,2,Josh Brecheen,/n400-audio/State/Oklahoma/House of rep/2nd/Josh_Brecheen.mp3
OK,3,Frank Lucas,/n400-audio/State/Oklahoma/House of rep/3rd/Frank_Lucas.mp3
OK,4,Tom Cole,/n400-audio/State/Oklahoma/House of rep/4th/Tom_Cole.mp3
OK,5,Stephanie Bice,/n400-audio/State/Oklahoma/House of rep/5th/Stephanie_Bice.mp3
OR,1,Suzanne Bonamici,/n400-audio/State/Oregon/House of rep/1st/Suzanne_Bonamici.mp3
OR,2,Cliff Bentz,/n400-audio/State/Oregon/House of rep/2nd/Cliff_Bentz.mp3
OR,3,Maxine Dexter,/n400-audio/State/Oregon/House of rep/3rd/Maxine_Dexter.mp3
OR,4,Val Hoyle,/n400-audio/State/Oregon/House of rep/4th/Val_Hoyle.mp3
OR,5,Janelle Bynum,/n400-audio/State/Oregon/House of rep/5th/Janelle_Bynum.mp3
OR,6,Andrea Salinas,/n400-audio/State/Oregon/House of rep/6th/Andrea_Salinas.mp3
PA,1,Brian Fitzpatrick,/n400-audio/State/Pennsylvania/House of rep/1st/Brian_Fitzpatrick.mp3
PA,2,Brendan Boyle,/n400-audio/State/Pennsylvania/House of rep/2nd/Brendan_Boyle.mp3
PA,3,Dwight Evans,/n400-audio/State/Pennsylvania/House of rep/3rd/Dwight_Evans.mp3
PA,4,Madeleine Dean,/n400-audio/State/Pennsylvania/House of rep/4th/Madeleine_Dean.mp3
PA,5,Mary Gay Scanlon,/n400-audio/State/Pennsylvania/House of rep/5th/Mary_Gay_Scanlon.mp3
PA,6,Chrissy Houlahan,/n400-audio/State/Pennsylvania/House of rep/6th/Chrissy_Houlahan.mp3
PA,7,Ryan Mackenzie,/n400-audio/State/Pennsylvania/House of rep/7th/Ryan_Mackenzie.mp3
PA,8,Robert Bresnahan,/n400-audio/State/Pennsylvania/House of rep/8th/Robert_Bresnahan.mp3
PA,9,Daniel Meuser,/n400-audio/State/Pennsylvania/House of rep/9th/Daniel_Meuser.mp3
PA,10,Scott Perry,/n400-audio/State/Pennsylvania/House of rep/10th/Scott_Perry.mp3
PA,11,Lloyd Smucker,/n400-audio/State/Pennsylvania/House of rep/11th/Lloyd_Smucker.mp3
PA,12,Summer Lee,/n400-audio/State/Pennsylvania/House of rep/12th/Summer_Lee.mp3
PA,13,John Joyce,/n400-audio/State/Pennsylvania/House of rep/13th/John_Joyce.mp3
PA,14,Guy Reschenthaler,/n400-audio/State/Pennsylvania/House of rep/14th/Guy_Reschenthaler.mp3
PA,15,Glenn Thompson,/n400-audio/State/Pennsylvania/House of rep/15th/Glenn_Thompson.mp3
PA,16,Mike Kelly,/n400-audio/State/Pennsylvania/House of rep/16th/Mike_Kelly.mp3
PA,17,Christopher Deluzio,/n400-audio/State/Pennsylvania/House of rep/17th/Christopher_Deluzio.mp3
PR,0,Pablo Hernandez,/n400-audio/State/Puerto%20Rico/House of rep/Resident_Commissioner/Pablo_Hernandez.mp3
RI,1,Gabe Amo,/n400-audio/State/Rhode%20Island/House of rep/1st/Gabe_Amo.mp3
RI,2,Seth Magaziner,/n400-audio/State/Rhode%20Island/House of rep/2nd/Seth_Magaziner.mp3
SC,1,Nancy Mace,/n400-audio/State/South%20Carolina/House of rep/1st/Nancy_Mace.mp3
SC,2,Joe Wilson,/n400-audio/State/South%20Carolina/House of rep/2nd/Joe_Wilson.mp3
SC,3,Sheri Biggs,/n400-audio/State/South%20Carolina/House of rep/3rd/Sheri_Biggs.mp3
SC,4,William Timmons,/n400-audio/State/South%20Carolina/House of rep/4th/William_Timmons.mp3
SC,5,Ralph Norman,/n400-audio/State/South%20Carolina/House of rep/5th/Ralph_Norman.mp3
SC,6,James Clyburn,/n400-audio/State/South%20Carolina/House of rep/6th/James_Clyburn.mp3
SC,7,Russell Fry,/n400-audio/State/South%20Carolina/House of rep/7th/Russell_Fry.mp3
SD,0,Dusty Johnson,/n400-audio/State/South%20Dakota/House of rep/At_Large/Dusty_Johnson.mp3
TN,1,Diana Harshbarger,/n400-audio/State/Tennessee/House of rep/1st/Diana_Harshbarger.mp3
TN,2,Tim Burchett,/n400-audio/State/Tennessee/House of rep/2nd/Tim_Burchett.mp3
TN,3,Charles Fleischmann,/n400-audio/State/Tennessee/House of rep/3rd/Charles_Fleischmann.mp3
TN,4,Scott DesJarlais,/n400-audio/State/Tennessee/House of rep/4th/Scott_DesJarlais.mp3
TN,5,Andrew Ogles,/n400-audio/State/Tennessee/House of rep/5th/Andrew_Ogles.mp3
TN,6,John Rose,/n400-audio/State/Tennessee/House of rep/6th/John_Rose.mp3
TN,7,Matt Van Epps,/n400-audio/State/Tennessee/House of rep/7th/Matt_Van_Epps.mp3
TN,8,David Kustoff,/n400-audio/State/Tennessee/House of rep/8th/David_Kustoff.mp3
TN,9,Steve Cohen,/n400-audio/State/Tennessee/House of rep/9th/Steve_Cohen.mp3
TX,1,Nathaniel Moran,/n400-audio/State/Texas/House of rep/1st/Nathaniel_Moran.mp3
TX,2,Dan Crenshaw,/n400-audio/State/Texas/House of rep/2nd/Dan_Crenshaw.mp3
TX,3,Keith Self,/n400-audio/State/Texas/House of rep/3rd/Keith_Self.mp3
TX,4,Pat Fallon,/n400-audio/State/Texas/House of rep/4th/Pat_Fallon.mp3
TX,5,Lance Gooden,/n400-audio/State/Texas/House of rep/5th/Lance_Gooden.mp3
TX,6,Jake Ellzey,/n400-audio/State/Texas/House of rep/6th/Jake_Ellzey.mp3
TX,7,Lizzie Fletcher,/n400-audio/State/Texas/House of rep/7th/Lizzie_Fletcher.mp3
TX,8,Morgan Luttrell,/n400-audio/State/Texas/House of rep/8th/Morgan_Luttrell.mp3
TX,9,Al Green,/n400-audio/State/Texas/House of rep/9th/Al_Green.mp3
TX,10,Michael McCaul,/n400-audio/State/Texas/House of rep/10th/Michael_McCaul.mp3
TX,11,August Pfluger,/n400-audio/State/Texas/House of rep/11th/August_Pfluger.mp3
TX,12,Craig Goldman,/n400-audio/State/Texas/House of rep/12th/Craig_Goldman.mp3
TX,13,Ronny Jackson,/n400-audio/State/Texas/House of rep/13th/Ronny_Jackson.mp3
TX,14,Randy Weber,/n400-audio/State/Texas/House of rep/14th/Randy_Weber.mp3
TX,15,Monica De La Cruz,/n400-audio/State/Texas/House of rep/15th/Monica_De_La_Cruz.mp3
TX,16,Veronica Escobar,/n400-audio/State/Texas/House of rep/16th/Veronica_Escobar.mp3
TX,17,Pete Sessions,/n400-audio/State/Texas/House of rep/17th/Pete_Sessions.mp3
TX,18,Christian Menefee,/n400-audio/State/Texas/House of rep/18th/Christian_Menefee.mp3
TX,19,Jodey Arrington,/n400-audio/State/Texas/House of rep/19th/Jodey_Arrington.mp3
TX,20,Joaquin Castro,/n400-audio/State/Texas/House of rep/20th/Joaquin_Castro.mp3
TX,21,Chip Roy,/n400-audio/State/Texas/House of rep/21st/Chip_Roy.mp3
TX,22,Troy Nehls,/n400-audio/State/Texas/House of rep/22nd/Troy_Nehls.mp3
TX,23,Tony Gonzales,/n400-audio/State/Texas/House of rep/23rd/Tony_Gonzales.mp3
TX,24,Beth Van Duyne,/n400-audio/State/Texas/House of rep/24th/Beth_Van_Duyne.mp3
TX,25,Roger Williams,/n400-audio/State/Texas/House of rep/25th/Roger_Williams.mp3
TX,26,Brandon Gill,/n400-audio/State/Texas/House of rep/26th/Brandon_Gill.mp3
TX,27,Michael Cloud,/n400-audio/State/Texas/House of rep/27th/Michael_Cloud.mp3
TX,28,Henry Cuellar,/n400-audio/State/Texas/House of rep/28th/Henry_Cuellar.mp3
TX,29,Sylvia Garcia,/n400-audio/State/Texas/House of rep/29th/Sylvia_Garcia.mp3
TX,30,Jasmine Crockett,/n400-audio/State/Texas/House of rep/30th/Jasmine_Crockett.mp3
TX,31,John Carter,/n400-audio/State/Texas/House of rep/31st/John_Carter.mp3
TX,32,Julie Johnson,/n400-audio/State/Texas/House of rep/32nd/Julie_Johnson.mp3
TX,33,Marc Veasey,/n400-audio/State/Texas/House of rep/33rd/Marc_Veasey.mp3
TX,34,Vicente Gonzalez,/n400-audio/State/Texas/House of rep/34th/Vicente_Gonzalez.mp3
TX,35,Greg Casar,/n400-audio/State/Texas/House of rep/35th/Greg_Casar.mp3
TX,36,Brian Babin,/n400-audio/State/Texas/House of rep/36th/Brian_Babin.mp3
TX,37,Lloyd Doggett,/n400-audio/State/Texas/House of rep/37th/Lloyd_Doggett.mp3
TX,38,Wesley Hunt,/n400-audio/State/Texas/House of rep/38th/Wesley_Hunt.mp3
UT,1,Blake Moore,/n400-audio/State/Utah/House of rep/1st/Blake_Moore.mp3
UT,2,Celeste Maloy,/n400-audio/State/Utah/House of rep/2nd/Celeste_Maloy.mp3
UT,3,Mike Kennedy,/n400-audio/State/Utah/House of rep/3rd/Mike_Kennedy.mp3
UT,4,Burgess Owens,/n400-audio/State/Utah/House of rep/4th/Burgess_Owens.mp3
VA,1,Robert Wittman,/n400-audio/State/Virginia/House of rep/1st/Robert_Wittman.mp3
VA,2,Jennifer Kiggans,/n400-audio/State/Virginia/House of rep/2nd/Jennifer_Kiggans.mp3
VA,3,Robert Scott,/n400-audio/State/Virginia/House of rep/3rd/Robert_Scott.mp3
VA,4,Jennifer McClellan,/n400-audio/State/Virginia/House of rep/4th/Jennifer_McClellan.mp3
VA,5,John McGuire,/n400-audio/State/Virginia/House of rep/5th/John_McGuire.mp3
VA,6,Ben Cline,/n400-audio/State/Virginia/House of rep/6th/Ben_Cline.mp3
VA,7,Eugene Vindman,/n400-audio/State/Virginia/House of rep/7th/Eugene_Vindman.mp3
VA,8,Donald Beyer,/n400-audio/State/Virginia/House of rep/8th/Donald_Beyer.mp3
VA,9,H  Griffith,/n400-audio/State/Virginia/House of rep/9th/H__Griffith.mp3
VA,10,Suhas Subramanyam,/n400-audio/State/Virginia/House of rep/10th/Suhas_Subramanyam.mp3
VA,11,James Walkinshaw,/n400-audio/State/Virginia/House of rep/11th/James_Walkinshaw.mp3
VI,0,Stacey Plaskett,/n400-audio/State/Virgin%20Islands/House of rep/Delegate/Stacey_Plaskett.mp3
VT,0,Becca Balint,/n400-audio/State/Vermont/House of rep/At_Large/Becca_Balint.mp3
WA,1,Suzan DelBene,/n400-audio/State/Washington/House of rep/1st/Suzan_DelBene.mp3
WA,2,Rick Larsen,/n400-audio/State/Washington/House of rep/2nd/Rick_Larsen.mp3
WA,3,Marie Perez,/n400-audio/State/Washington/House of rep/3rd/Marie_Perez.mp3
WA,4,Dan Newhouse,/n400-audio/State/Washington/House of rep/4th/Dan_Newhouse.mp3
WA,5,Michael Baumgartner,/n400-audio/State/Washington/House of rep/5th/Michael_Baumgartner.mp3
WA,6,Emily Randall,/n400-audio/State/Washington/House of rep/6th/Emily_Randall.mp3
WA,7,Pramila Jayapal,/n400-audio/State/Washington/House of rep/7th/Pramila_Jayapal.mp3
WA,8,Kim Schrier,/n400-audio/State/Washington/House of rep/8th/Kim_Schrier.mp3
WA,9,Adam Smith,/n400-audio/State/Washington/House of rep/9th/Adam_Smith.mp3
WA,10,Marilyn Strickland,/n400-audio/State/Washington/House of rep/10th/Marilyn_Strickland.mp3
WI,1,Bryan Steil,/n400-audio/State/Wisconsin/House of rep/1st/Bryan_Steil.mp3
WI,2,Mark Pocan,/n400-audio/State/Wisconsin/House of rep/2nd/Mark_Pocan.mp3
WI,3,Derrick Van Orden,/n400-audio/State/Wisconsin/House of rep/3rd/Derrick_Van_Orden.mp3
WI,4,Gwen Moore,/n400-audio/State/Wisconsin/House of rep/4th/Gwen_Moore.mp3
WI,5,Scott Fitzgerald,/n400-audio/State/Wisconsin/House of rep/5th/Scott_Fitzgerald.mp3
WI,6,Glenn Grothman,/n400-audio/State/Wisconsin/House of rep/6th/Glenn_Grothman.mp3
WI,7,Thomas Tiffany,/n400-audio/State/Wisconsin/House of rep/7th/Thomas_Tiffany.mp3
WI,8,Tony Wied,/n400-audio/State/Wisconsin/House of rep/8th/Tony_Wied.mp3
WV,1,Carol Miller,/n400-audio/State/West%20Virginia/House of rep/1st/Carol_Miller.mp3
WV,2,Riley Moore,/n400-audio/State/West%20Virginia/House of rep/2nd/Riley_Moore.mp3
WY,0,Harriet Hageman,/n400-audio/State/Wyoming/House of rep/At_Large/Harriet_Hageman.mp3